Date,Résidence,Employé,Tâches,Statut
2026-09-15,Résidence mezoudi,FATIMA ZEHRA,Escaliers,En attente
2026-09-22,Résidence mezoudi,FATIMA ZEHRA,Escaliers,En attente
2026-09-29,Résidence mezoudi,FATIMA ZEHRA,Escaliers,En attente
2026-10-07,Résidence mezoudi,FATIMA ZEHRA,Escaliers,En attente
2026-10-05,Résidence Elnakhil,FATIMA ZEHRA,Escaliers + Terrasse,En attente
2026-10-01,Résidence Anass,FATIMA ZEHRA,Escaliers + Terrasse,En attente
2026-10-07,Résidence Anass,FATIMA ZEHRA,Escaliers,En attente
2026-10-04,Résidence JALAL,FATIMA ZEHRA,Escaliers,En attente
2026-09-15,Résidence GRAINI,FATIMA ZEHRA,Escaliers,En attente
2026-09-22,Résidence GRAINI,FATIMA ZEHRA,Escaliers,En attente
2026-09-30,Résidence GRAINI,FATIMA ZEHRA,Escaliers,En attente
2026-09-24,Résidence B,FATIMA ZEHRA,Escaliers + Terrasse,En attente
2026-09-29,Résidence B,FATIMA ZEHRA,Escaliers,En attente
2026-10-06,Résidence B,FATIMA ZEHRA,Escaliers,En attente
