Résidence,Mois,Année,Escalier_1,Escalier_2,Escalier_3,Escalier_4,Terrasse,Sous_Sol
Résidence Elnakhil,Mois en cours,2026,❌ Non fait,❌ Non fait,❌ Non fait,❌ Non fait,❌ Non fait,❌ Non fait
Résidence Anass,Mois en cours,2026,❌ Non fait,❌ Non fait,❌ Non fait,❌ Non fait,❌ Non fait,
Résidence B,Mois en cours,2026,❌ Non fait,❌ Non fait,❌ Non fait,❌ Non fait,❌ Non fait,
Résidence JALAL,Mois en cours,2026,❌ Non fait,❌ Non fait,❌ Non fait,❌ Non fait,❌ Non fait,
Résidence GRAINI,Mois en cours,2026,❌ Non fait,❌ Non fait,❌ Non fait,❌ Non fait,,
Résidence mezoudi,Mois en cours,2026,❌ Non fait,❌ Non fait,❌ Non fait,❌ Non fait,,
Résidence Elnakhil,Janvier,2026,❌ Non fait,❌ Non fait,❌ Non fait,❌ Non fait,❌ Non fait,❌ Non fait
Résidence Anass,Janvier,2026,❌ Non fait,❌ Non fait,❌ Non fait,❌ Non fait,❌ Non fait,
Résidence B,Janvier,2026,❌ Non fait,❌ Non fait,❌ Non fait,❌ Non fait,❌ Non fait,
Résidence JALAL,Janvier,2026,❌ Non fait,❌ Non fait,❌ Non fait,❌ Non fait,❌ Non fait,
Résidence GRAINI,Janvier,2026,❌ Non fait,❌ Non fait,❌ Non fait,❌ Non fait,,
Résidence mezoudi,Janvier,2026,❌ Non fait,❌ Non fait,❌ Non fait,❌ Non fait,,
Résidence Elnakhil,Octobre,2026,✅ Fait,❌ Non fait,❌ Non fait,❌ Non fait,✅ Fait,❌ Non fait
Résidence Anass,Octobre,2026,✅ Fait,❌ Non fait,❌ Non fait,❌ Non fait,❌ Non fait,
Résidence B,Octobre,2026,❌ Non fait,❌ Non fait,❌ Non fait,❌ Non fait,❌ Non fait,
Résidence JALAL,Octobre,2026,❌ Non fait,❌ Non fait,❌ Non fait,❌ Non fait,❌ Non fait,
Résidence GRAINI,Octobre,2026,❌ Non fait,❌ Non fait,❌ Non fait,❌ Non fait,,
Résidence mezoudi,Octobre,2026,❌ Non fait,❌ Non fait,❌ Non fait,❌ Non fait,,
