Employe,Jour,Slot1,Slot2,Slot3
FATIMA ZERA,Lundi,Résidence Elnakhil,,
FATIMA ZERA,Mardi,Résidence B,Résidence JALAL,
FATIMA ZERA,Mercredi,Résidence Anass,Résidence mezoudi,
FATIMA ZERA,Jeudi,Résidence GRAINI,,
FATIMA ZERA,Vendredi,Résidence Elnakhil,,
FATIMA ZERA,Samedi,,,
FATIMA ZERA,Dimanche,,,
FATIMA ZEHRA,Lundi,Résidence Elnakhil,,
FATIMA ZEHRA,Mardi,Résidence B,Résidence JALAL,
FATIMA ZEHRA,Mercredi,Résidence Anass,Résidence mezoudi,
FATIMA ZEHRA,Jeudi,Résidence B,,
FATIMA ZEHRA,Vendredi,Résidence Elnakhil,,
FATIMA ZEHRA,Samedi,Résidence Amine ,,
FATIMA ZEHRA,Dimanche,,,
